_id,movie_name,movie_year,movie_actors,movie_rating,movie_review_url
0111161,The Shawshank Redemption,1994,Frank Darabont (dir.), Tim Robbins, Morgan Freeman,9.2,https://www.imdb.com/title/tt0111161/reviews?ref_=tt_urv
0068646,The Godfather,1972,Francis Ford Coppola (dir.), Marlon Brando, Al Pacino,9.1,https://www.imdb.com/title/tt0068646/reviews?ref_=tt_urv
0071562,The Godfather: Part II,1974,Francis Ford Coppola (dir.), Al Pacino, Robert De Niro,9,https://www.imdb.com/title/tt0071562/reviews?ref_=tt_urv
0468569,The Dark Knight,2008,Christopher Nolan (dir.), Christian Bale, Heath Ledger,9,https://www.imdb.com/title/tt0468569/reviews?ref_=tt_urv
0050083,12 Angry Men,1957,Sidney Lumet (dir.), Henry Fonda, Lee J. Cobb,8.9,https://www.imdb.com/title/tt0050083/reviews?ref_=tt_urv
0108052,Schindler's List,1993,Steven Spielberg (dir.), Liam Neeson, Ralph Fiennes,8.9,https://www.imdb.com/title/tt0108052/reviews?ref_=tt_urv
0167260,The Lord of the Rings: The Return of the King,2003,Peter Jackson (dir.), Elijah Wood, Viggo Mortensen,8.9,https://www.imdb.com/title/tt0167260/reviews?ref_=tt_urv
0110912,Pulp Fiction,1994,Quentin Tarantino (dir.), John Travolta, Uma Thurman,8.9,https://www.imdb.com/title/tt0110912/reviews?ref_=tt_urv
0060196,The Good, the Bad and the Ugly,1966,Sergio Leone (dir.), Clint Eastwood, Eli Wallach,8.8,https://www.imdb.com/title/tt0060196/reviews?ref_=tt_urv
0137523,Fight Club,1999,David Fincher (dir.), Brad Pitt, Edward Norton,8.8,https://www.imdb.com/title/tt0137523/reviews?ref_=tt_urv
0120737,The Lord of the Rings: The Fellowship of the Ring,2001,Peter Jackson (dir.), Elijah Wood, Ian McKellen,8.8,https://www.imdb.com/title/tt0120737/reviews?ref_=tt_urv
0109830,Forrest Gump,1994,Robert Zemeckis (dir.), Tom Hanks, Robin Wright,8.8,https://www.imdb.com/title/tt0109830/reviews?ref_=tt_urv
1375666,Inception,2010,Christopher Nolan (dir.), Leonardo DiCaprio, Joseph Gordon-Levitt,8.7,https://www.imdb.com/title/tt1375666/reviews?ref_=tt_urv
0080684,Star Wars: Episode V - The Empire Strikes Back,1980,Irvin Kershner (dir.), Mark Hamill, Harrison Ford,8.7,https://www.imdb.com/title/tt0080684/reviews?ref_=tt_urv
0167261,The Lord of the Rings: The Two Towers,2002,Peter Jackson (dir.), Elijah Wood, Ian McKellen,8.7,https://www.imdb.com/title/tt0167261/reviews?ref_=tt_urv
0133093,The Matrix,1999,Lana Wachowski (dir.), Keanu Reeves, Laurence Fishburne,8.6,https://www.imdb.com/title/tt0133093/reviews?ref_=tt_urv
0073486,One Flew Over the Cuckoo's Nest,1975,Milos Forman (dir.), Jack Nicholson, Louise Fletcher,8.6,https://www.imdb.com/title/tt0073486/reviews?ref_=tt_urv
0099685,Goodfellas,1990,Martin Scorsese (dir.), Robert De Niro, Ray Liotta,8.6,https://www.imdb.com/title/tt0099685/reviews?ref_=tt_urv
7286456,Joker,2019,Todd Phillips (dir.), Joaquin Phoenix, Robert De Niro,8.6,https://www.imdb.com/title/tt7286456/reviews?ref_=tt_urv
0047478,Seven Samurai,1954,Akira Kurosawa (dir.), Toshirô Mifune, Takashi Shimura,8.6,https://www.imdb.com/title/tt0047478/reviews?ref_=tt_urv
0114369,Se7en,1995,David Fincher (dir.), Morgan Freeman, Brad Pitt,8.6,https://www.imdb.com/title/tt0114369/reviews?ref_=tt_urv
0317248,City of God,2002,Fernando Meirelles (dir.), Alexandre Rodrigues, Leandro Firmino,8.6,https://www.imdb.com/title/tt0317248/reviews?ref_=tt_urv
0118799,Life Is Beautiful,1997,Roberto Benigni (dir.), Roberto Benigni, Nicoletta Braschi,8.6,https://www.imdb.com/title/tt0118799/reviews?ref_=tt_urv
0102926,The Silence of the Lambs,1991,Jonathan Demme (dir.), Jodie Foster, Anthony Hopkins,8.6,https://www.imdb.com/title/tt0102926/reviews?ref_=tt_urv
0038650,It's a Wonderful Life,1946,Frank Capra (dir.), James Stewart, Donna Reed,8.6,https://www.imdb.com/title/tt0038650/reviews?ref_=tt_urv
0076759,Star Wars: Episode IV - A New Hope,1977,George Lucas (dir.), Mark Hamill, Harrison Ford,8.6,https://www.imdb.com/title/tt0076759/reviews?ref_=tt_urv
0120815,Saving Private Ryan,1998,Steven Spielberg (dir.), Tom Hanks, Matt Damon,8.5,https://www.imdb.com/title/tt0120815/reviews?ref_=tt_urv
0245429,Spirited Away,2001,Hayao Miyazaki (dir.), Daveigh Chase, Suzanne Pleshette,8.5,https://www.imdb.com/title/tt0245429/reviews?ref_=tt_urv
0120689,The Green Mile,1999,Frank Darabont (dir.), Tom Hanks, Michael Clarke Duncan,8.5,https://www.imdb.com/title/tt0120689/reviews?ref_=tt_urv
0816692,Interstellar,2014,Christopher Nolan (dir.), Matthew McConaughey, Anne Hathaway,8.5,https://www.imdb.com/title/tt0816692/reviews?ref_=tt_urv
0110413,Léon: The Professional,1994,Luc Besson (dir.), Jean Reno, Gary Oldman,8.5,https://www.imdb.com/title/tt0110413/reviews?ref_=tt_urv
0114814,The Usual Suspects,1995,Bryan Singer (dir.), Kevin Spacey, Gabriel Byrne,8.5,https://www.imdb.com/title/tt0114814/reviews?ref_=tt_urv
0056058,Harakiri,1962,Masaki Kobayashi (dir.), Tatsuya Nakadai, Akira Ishihama,8.5,https://www.imdb.com/title/tt0056058/reviews?ref_=tt_urv
6751668,Parasite,2019,Bong Joon Ho (dir.), Kang-ho Song, Sun-kyun Lee,8.5,https://www.imdb.com/title/tt6751668/reviews?ref_=tt_urv
0110357,The Lion King,1994,Roger Allers (dir.), Matthew Broderick, Jeremy Irons,8.5,https://www.imdb.com/title/tt0110357/reviews?ref_=tt_urv
0120586,American History X,1998,Tony Kaye (dir.), Edward Norton, Edward Furlong,8.5,https://www.imdb.com/title/tt0120586/reviews?ref_=tt_urv
0088763,Back to the Future,1985,Robert Zemeckis (dir.), Michael J. Fox, Christopher Lloyd,8.5,https://www.imdb.com/title/tt0088763/reviews?ref_=tt_urv
0253474,The Pianist,2002,Roman Polanski (dir.), Adrien Brody, Thomas Kretschmann,8.5,https://www.imdb.com/title/tt0253474/reviews?ref_=tt_urv
0103064,Terminator 2: Judgment Day,1991,James Cameron (dir.), Arnold Schwarzenegger, Linda Hamilton,8.5,https://www.imdb.com/title/tt0103064/reviews?ref_=tt_urv
0027977,Modern Times,1936,Charles Chaplin (dir.), Charles Chaplin, Paulette Goddard,8.5,https://www.imdb.com/title/tt0027977/reviews?ref_=tt_urv
0054215,Psycho,1960,Alfred Hitchcock (dir.), Anthony Perkins, Janet Leigh,8.5,https://www.imdb.com/title/tt0054215/reviews?ref_=tt_urv
1675434,The Intouchables,2011,Olivier Nakache (dir.), François Cluzet, Omar Sy,8.5,https://www.imdb.com/title/tt1675434/reviews?ref_=tt_urv
0172495,Gladiator,2000,Ridley Scott (dir.), Russell Crowe, Joaquin Phoenix,8.5,https://www.imdb.com/title/tt0172495/reviews?ref_=tt_urv
0021749,City Lights,1931,Charles Chaplin (dir.), Charles Chaplin, Virginia Cherrill,8.5,https://www.imdb.com/title/tt0021749/reviews?ref_=tt_urv
0407887,The Departed,2006,Martin Scorsese (dir.), Leonardo DiCaprio, Matt Damon,8.5,https://www.imdb.com/title/tt0407887/reviews?ref_=tt_urv
2582802,Whiplash,2014,Damien Chazelle (dir.), Miles Teller, J.K. Simmons,8.5,https://www.imdb.com/title/tt2582802/reviews?ref_=tt_urv
0064116,Once Upon a Time in the West,1968,Sergio Leone (dir.), Henry Fonda, Charles Bronson,8.5,https://www.imdb.com/title/tt0064116/reviews?ref_=tt_urv
0482571,The Prestige,2006,Christopher Nolan (dir.), Christian Bale, Hugh Jackman,8.5,https://www.imdb.com/title/tt0482571/reviews?ref_=tt_urv
0034583,Casablanca,1942,Michael Curtiz (dir.), Humphrey Bogart, Ingrid Bergman,8.4,https://www.imdb.com/title/tt0034583/reviews?ref_=tt_urv
0095327,Grave of the Fireflies,1988,Isao Takahata (dir.), Tsutomu Tatsumi, Ayano Shiraishi,8.4,https://www.imdb.com/title/tt0095327/reviews?ref_=tt_urv
0047396,Rear Window,1954,Alfred Hitchcock (dir.), James Stewart, Grace Kelly,8.4,https://www.imdb.com/title/tt0047396/reviews?ref_=tt_urv
0095765,Cinema Paradiso,1988,Giuseppe Tornatore (dir.), Philippe Noiret, Enzo Cannavale,8.4,https://www.imdb.com/title/tt0095765/reviews?ref_=tt_urv
0078748,Alien,1979,Ridley Scott (dir.), Sigourney Weaver, Tom Skerritt,8.4,https://www.imdb.com/title/tt0078748/reviews?ref_=tt_urv
0082971,Raiders of the Lost Ark,1981,Steven Spielberg (dir.), Harrison Ford, Karen Allen,8.4,https://www.imdb.com/title/tt0082971/reviews?ref_=tt_urv
0209144,Memento,2000,Christopher Nolan (dir.), Guy Pearce, Carrie-Anne Moss,8.4,https://www.imdb.com/title/tt0209144/reviews?ref_=tt_urv
0078788,Apocalypse Now,1979,Francis Ford Coppola (dir.), Martin Sheen, Marlon Brando,8.4,https://www.imdb.com/title/tt0078788/reviews?ref_=tt_urv
4154796,Avengers: Endgame,2019,Anthony Russo (dir.), Robert Downey Jr., Chris Evans,8.4,https://www.imdb.com/title/tt4154796/reviews?ref_=tt_urv
0032553,The Great Dictator,1940,Charles Chaplin (dir.), Charles Chaplin, Paulette Goddard,8.4,https://www.imdb.com/title/tt0032553/reviews?ref_=tt_urv
0405094,The Lives of Others,2006,Florian Henckel von Donnersmarck (dir.), Ulrich Mühe, Martina Gedeck,8.4,https://www.imdb.com/title/tt0405094/reviews?ref_=tt_urv
1853728,Django Unchained,2012,Quentin Tarantino (dir.), Jamie Foxx, Christoph Waltz,8.4,https://www.imdb.com/title/tt1853728/reviews?ref_=tt_urv
4154756,Avengers: Infinity War,2018,Anthony Russo (dir.), Robert Downey Jr., Chris Hemsworth,8.4,https://www.imdb.com/title/tt4154756/reviews?ref_=tt_urv
0081505,The Shining,1980,Stanley Kubrick (dir.), Jack Nicholson, Shelley Duvall,8.4,https://www.imdb.com/title/tt0081505/reviews?ref_=tt_urv
0050825,Paths of Glory,1957,Stanley Kubrick (dir.), Kirk Douglas, Ralph Meeker,8.4,https://www.imdb.com/title/tt0050825/reviews?ref_=tt_urv
4633694,Spider-Man: Into the Spider-Verse,2018,Bob Persichetti (dir.), Shameik Moore, Jake Johnson,8.4,https://www.imdb.com/title/tt4633694/reviews?ref_=tt_urv
0910970,WALL·E,2008,Andrew Stanton (dir.), Ben Burtt, Elissa Knight,8.4,https://www.imdb.com/title/tt0910970/reviews?ref_=tt_urv
0043014,Sunset Blvd.,1950,Billy Wilder (dir.), William Holden, Gloria Swanson,8.4,https://www.imdb.com/title/tt0043014/reviews?ref_=tt_urv
0119698,Princess Mononoke,1997,Hayao Miyazaki (dir.), Yôji Matsuda, Yuriko Ishida,8.4,https://www.imdb.com/title/tt0119698/reviews?ref_=tt_urv
0057012,Dr. Strangelove or: How I Learned to Stop Worrying and Love the Bomb,1964,Stanley Kubrick (dir.), Peter Sellers, George C. Scott,8.4,https://www.imdb.com/title/tt0057012/reviews?ref_=tt_urv
0364569,Oldboy,2003,Chan-wook Park (dir.), Min-sik Choi, Ji-Tae Yoo,8.4,https://www.imdb.com/title/tt0364569/reviews?ref_=tt_urv
0051201,Witness for the Prosecution,1957,Billy Wilder (dir.), Tyrone Power, Marlene Dietrich,8.3,https://www.imdb.com/title/tt0051201/reviews?ref_=tt_urv
1345836,The Dark Knight Rises,2012,Christopher Nolan (dir.), Christian Bale, Tom Hardy,8.3,https://www.imdb.com/title/tt1345836/reviews?ref_=tt_urv
0087843,Once Upon a Time in America,1984,Sergio Leone (dir.), Robert De Niro, James Woods,8.3,https://www.imdb.com/title/tt0087843/reviews?ref_=tt_urv
0090605,Aliens,1986,James Cameron (dir.), Sigourney Weaver, Michael Biehn,8.3,https://www.imdb.com/title/tt0090605/reviews?ref_=tt_urv
0169547,American Beauty,1999,Sam Mendes (dir.), Kevin Spacey, Annette Bening,8.3,https://www.imdb.com/title/tt0169547/reviews?ref_=tt_urv
5311514,Your Name.,2016,Makoto Shinkai (dir.), Ryûnosuke Kamiki, Mone Kamishiraishi,8.3,https://www.imdb.com/title/tt5311514/reviews?ref_=tt_urv
2380307,Coco,2017,Lee Unkrich (dir.), Anthony Gonzalez, Gael García Bernal,8.3,https://www.imdb.com/title/tt2380307/reviews?ref_=tt_urv
0112573,Braveheart,1995,Mel Gibson (dir.), Mel Gibson, Sophie Marceau,8.3,https://www.imdb.com/title/tt0112573/reviews?ref_=tt_urv
0082096,Das Boot,1981,Wolfgang Petersen (dir.), Jürgen Prochnow, Herbert Grönemeyer,8.3,https://www.imdb.com/title/tt0082096/reviews?ref_=tt_urv
1187043,3 Idiots,2009,Rajkumar Hirani (dir.), Aamir Khan, Madhavan,8.3,https://www.imdb.com/title/tt1187043/reviews?ref_=tt_urv
0086190,Star Wars: Episode VI - Return of the Jedi,1983,Richard Marquand (dir.), Mark Hamill, Harrison Ford,8.3,https://www.imdb.com/title/tt0086190/reviews?ref_=tt_urv
0986264,Taare Zameen Par,2007,Aamir Khan (dir.), Darsheel Safary, Aamir Khan,8.3,https://www.imdb.com/title/tt0986264/reviews?ref_=tt_urv
0114709,Toy Story,1995,John Lasseter (dir.), Tom Hanks, Tim Allen,8.3,https://www.imdb.com/title/tt0114709/reviews?ref_=tt_urv
0105236,Reservoir Dogs,1992,Quentin Tarantino (dir.), Harvey Keitel, Tim Roth,8.3,https://www.imdb.com/title/tt0105236/reviews?ref_=tt_urv
0086879,Amadeus,1984,Milos Forman (dir.), F. Murray Abraham, Tom Hulce,8.3,https://www.imdb.com/title/tt0086879/reviews?ref_=tt_urv
0361748,Inglourious Basterds,2009,Quentin Tarantino (dir.), Brad Pitt, Diane Kruger,8.3,https://www.imdb.com/title/tt0361748/reviews?ref_=tt_urv
0119217,Good Will Hunting,1997,Gus Van Sant (dir.), Robin Williams, Matt Damon,8.3,https://www.imdb.com/title/tt0119217/reviews?ref_=tt_urv
0022100,M,1931,Fritz Lang (dir.), Peter Lorre, Ellen Widmann,8.3,https://www.imdb.com/title/tt0022100/reviews?ref_=tt_urv
0180093,Requiem for a Dream,2000,Darren Aronofsky (dir.), Ellen Burstyn, Jared Leto,8.3,https://www.imdb.com/title/tt0180093/reviews?ref_=tt_urv
0062622,2001: A Space Odyssey,1968,Stanley Kubrick (dir.), Keir Dullea, Gary Lockwood,8.3,https://www.imdb.com/title/tt0062622/reviews?ref_=tt_urv
5074352,Dangal,2016,Nitesh Tiwari (dir.), Aamir Khan, Sakshi Tanwar,8.3,https://www.imdb.com/title/tt5074352/reviews?ref_=tt_urv
0052357,Vertigo,1958,Alfred Hitchcock (dir.), James Stewart, Kim Novak,8.3,https://www.imdb.com/title/tt0052357/reviews?ref_=tt_urv
0338013,Eternal Sunshine of the Spotless Mind,2004,Michel Gondry (dir.), Jim Carrey, Kate Winslet,8.3,https://www.imdb.com/title/tt0338013/reviews?ref_=tt_urv
0033467,Citizen Kane,1941,Orson Welles (dir.), Orson Welles, Joseph Cotten,8.3,https://www.imdb.com/title/tt0033467/reviews?ref_=tt_urv
2106476,The Hunt,2012,Thomas Vinterberg (dir.), Mads Mikkelsen, Thomas Bo Larsen,8.3,https://www.imdb.com/title/tt2106476/reviews?ref_=tt_urv
0093058,Full Metal Jacket,1987,Stanley Kubrick (dir.), Matthew Modine, R. Lee Ermey,8.3,https://www.imdb.com/title/tt0093058/reviews?ref_=tt_urv
0053125,North by Northwest,1959,Alfred Hitchcock (dir.), Cary Grant, Eva Marie Saint,8.3,https://www.imdb.com/title/tt0053125/reviews?ref_=tt_urv
0066921,A Clockwork Orange,1971,Stanley Kubrick (dir.), Malcolm McDowell, Patrick Magee,8.3,https://www.imdb.com/title/tt0066921/reviews?ref_=tt_urv
0208092,Snatch,2000,Guy Ritchie (dir.), Jason Statham, Brad Pitt,8.3,https://www.imdb.com/title/tt0208092/reviews?ref_=tt_urv
0012349,The Kid,1921,Charles Chaplin (dir.), Charles Chaplin, Edna Purviance,8.2,https://www.imdb.com/title/tt0012349/reviews?ref_=tt_urv
0211915,Amélie,2001,Jean-Pierre Jeunet (dir.), Audrey Tautou, Mathieu Kassovitz,8.2,https://www.imdb.com/title/tt0211915/reviews?ref_=tt_urv
0040522,Bicycle Thieves,1948,Vittorio De Sica (dir.), Lamberto Maggiorani, Enzo Staiola,8.2,https://www.imdb.com/title/tt0040522/reviews?ref_=tt_urv
0086250,Scarface,1983,Brian De Palma (dir.), Al Pacino, Michelle Pfeiffer,8.2,https://www.imdb.com/title/tt0086250/reviews?ref_=tt_urv
0045152,Singin' in the Rain,1952,Stanley Donen (dir.), Gene Kelly, Donald O'Connor,8.2,https://www.imdb.com/title/tt0045152/reviews?ref_=tt_urv
1302006,The Irishman,2019,Martin Scorsese (dir.), Robert De Niro, Al Pacino,8.2,https://www.imdb.com/title/tt1302006/reviews?ref_=tt_urv
0075314,Taxi Driver,1976,Martin Scorsese (dir.), Robert De Niro, Jodie Foster,8.2,https://www.imdb.com/title/tt0075314/reviews?ref_=tt_urv
0056172,Lawrence of Arabia,1962,David Lean (dir.), Peter O'Toole, Alec Guinness,8.2,https://www.imdb.com/title/tt0056172/reviews?ref_=tt_urv
0435761,Toy Story 3,2010,Lee Unkrich (dir.), Tom Hanks, Tim Allen,8.2,https://www.imdb.com/title/tt0435761/reviews?ref_=tt_urv
0070735,The Sting,1973,George Roy Hill (dir.), Paul Newman, Robert Redford,8.2,https://www.imdb.com/title/tt0070735/reviews?ref_=tt_urv
0017136,Metropolis,1927,Fritz Lang (dir.), Brigitte Helm, Alfred Abel,8.2,https://www.imdb.com/title/tt0017136/reviews?ref_=tt_urv
0059578,For a Few Dollars More,1965,Sergio Leone (dir.), Clint Eastwood, Lee Van Cleef,8.2,https://www.imdb.com/title/tt0059578/reviews?ref_=tt_urv
1832382,A Separation,2011,Asghar Farhadi (dir.), Payman Maadi, Leila Hatami,8.2,https://www.imdb.com/title/tt1832382/reviews?ref_=tt_urv
0044741,Ikiru,1952,Akira Kurosawa (dir.), Takashi Shimura, Nobuo Kaneko,8.2,https://www.imdb.com/title/tt0044741/reviews?ref_=tt_urv
0036775,Double Indemnity,1944,Billy Wilder (dir.), Fred MacMurray, Barbara Stanwyck,8.2,https://www.imdb.com/title/tt0036775/reviews?ref_=tt_urv
0056592,To Kill a Mockingbird,1962,Robert Mulligan (dir.), Gregory Peck, John Megna,8.2,https://www.imdb.com/title/tt0056592/reviews?ref_=tt_urv
8267604,Capharnaüm,2018,Nadine Labaki (dir.), Zain Al Rafeea, Yordanos Shiferaw,8.2,https://www.imdb.com/title/tt8267604/reviews?ref_=tt_urv
0053604,The Apartment,1960,Billy Wilder (dir.), Jack Lemmon, Shirley MacLaine,8.2,https://www.imdb.com/title/tt0053604/reviews?ref_=tt_urv
0097576,Indiana Jones and the Last Crusade,1989,Steven Spielberg (dir.), Harrison Ford, Sean Connery,8.2,https://www.imdb.com/title/tt0097576/reviews?ref_=tt_urv
1049413,Up,2009,Pete Docter (dir.), Edward Asner, Jordan Nagai,8.2,https://www.imdb.com/title/tt1049413/reviews?ref_=tt_urv
0119488,L.A. Confidential,1997,Curtis Hanson (dir.), Kevin Spacey, Russell Crowe,8.2,https://www.imdb.com/title/tt0119488/reviews?ref_=tt_urv
1255953,Incendies,2010,Denis Villeneuve (dir.), Lubna Azabal, Mélissa Désormeaux-Poulin,8.2,https://www.imdb.com/title/tt1255953/reviews?ref_=tt_urv
0071853,Monty Python and the Holy Grail,1975,Terry Gilliam (dir.), Graham Chapman, John Cleese,8.2,https://www.imdb.com/title/tt0071853/reviews?ref_=tt_urv
0113277,Heat,1995,Michael Mann (dir.), Al Pacino, Robert De Niro,8.2,https://www.imdb.com/title/tt0113277/reviews?ref_=tt_urv
0042876,Rashômon,1950,Akira Kurosawa (dir.), Toshirô Mifune, Machiko Kyô,8.2,https://www.imdb.com/title/tt0042876/reviews?ref_=tt_urv
0095016,Die Hard,1988,John McTiernan (dir.), Bruce Willis, Alan Rickman,8.2,https://www.imdb.com/title/tt0095016/reviews?ref_=tt_urv
0372784,Batman Begins,2005,Christopher Nolan (dir.), Christian Bale, Michael Caine,8.2,https://www.imdb.com/title/tt0372784/reviews?ref_=tt_urv
0055630,Yojimbo,1961,Akira Kurosawa (dir.), Toshirô Mifune, Eijirô Tôno,8.2,https://www.imdb.com/title/tt0055630/reviews?ref_=tt_urv
0105695,Unforgiven,1992,Clint Eastwood (dir.), Clint Eastwood, Gene Hackman,8.2,https://www.imdb.com/title/tt0105695/reviews?ref_=tt_urv
6966692,Green Book,2018,Peter Farrelly (dir.), Viggo Mortensen, Mahershala Ali,8.2,https://www.imdb.com/title/tt6966692/reviews?ref_=tt_urv
0363163,Downfall,2004,Oliver Hirschbiegel (dir.), Bruno Ganz, Alexandra Maria Lara,8.2,https://www.imdb.com/title/tt0363163/reviews?ref_=tt_urv
0118849,Children of Heaven,1997,Majid Majidi (dir.), Mohammad Amir Naji, Amir Farrokh Hashemian,8.2,https://www.imdb.com/title/tt0118849/reviews?ref_=tt_urv
0053291,Some Like It Hot,1959,Billy Wilder (dir.), Marilyn Monroe, Tony Curtis,8.2,https://www.imdb.com/title/tt0053291/reviews?ref_=tt_urv
0347149,Howl's Moving Castle,2004,Hayao Miyazaki (dir.), Chieko Baishô, Takuya Kimura,8.2,https://www.imdb.com/title/tt0347149/reviews?ref_=tt_urv
1950186,Ford v Ferrari,2019,James Mangold (dir.), Matt Damon, Christian Bale,8.2,https://www.imdb.com/title/tt1950186/reviews?ref_=tt_urv
0057115,The Great Escape,1963,John Sturges (dir.), Steve McQueen, James Garner,8.2,https://www.imdb.com/title/tt0057115/reviews?ref_=tt_urv
0096283,My Neighbor Totoro,1988,Hayao Miyazaki (dir.), Hitoshi Takagi, Noriko Hidaka,8.2,https://www.imdb.com/title/tt0096283/reviews?ref_=tt_urv
0089881,Ran,1985,Akira Kurosawa (dir.), Tatsuya Nakadai, Akira Terao,8.2,https://www.imdb.com/title/tt0089881/reviews?ref_=tt_urv
0268978,A Beautiful Mind,2001,Ron Howard (dir.), Russell Crowe, Ed Harris,8.2,https://www.imdb.com/title/tt0268978/reviews?ref_=tt_urv
0042192,All About Eve,1950,Joseph L. Mankiewicz (dir.), Bette Davis, Anne Baxter,8.2,https://www.imdb.com/title/tt0042192/reviews?ref_=tt_urv
0457430,Pan's Labyrinth,2006,Guillermo del Toro (dir.), Ivana Baquero, Ariadna Gil,8.2,https://www.imdb.com/title/tt0457430/reviews?ref_=tt_urv
0112641,Casino,1995,Martin Scorsese (dir.), Robert De Niro, Sharon Stone,8.2,https://www.imdb.com/title/tt0112641/reviews?ref_=tt_urv
0091251,Come and See,1985,Elem Klimov (dir.), Aleksey Kravchenko, Olga Mironova,8.2,https://www.imdb.com/title/tt0091251/reviews?ref_=tt_urv
0081398,Raging Bull,1980,Martin Scorsese (dir.), Robert De Niro, Cathy Moriarty,8.2,https://www.imdb.com/title/tt0081398/reviews?ref_=tt_urv
1305806,The Secret in Their Eyes,2009,Juan José Campanella (dir.), Ricardo Darín, Soledad Villamil,8.2,https://www.imdb.com/title/tt1305806/reviews?ref_=tt_urv
0120735,Lock, Stock and Two Smoking Barrels,1998,Guy Ritchie (dir.), Jason Flemyng, Dexter Fletcher,8.2,https://www.imdb.com/title/tt0120735/reviews?ref_=tt_urv
0993846,The Wolf of Wall Street,2013,Martin Scorsese (dir.), Leonardo DiCaprio, Jonah Hill,8.1,https://www.imdb.com/title/tt0993846/reviews?ref_=tt_urv
0040897,The Treasure of the Sierra Madre,1948,John Huston (dir.), Humphrey Bogart, Walter Huston,8.1,https://www.imdb.com/title/tt0040897/reviews?ref_=tt_urv
0055031,Judgment at Nuremberg,1961,Stanley Kramer (dir.), Spencer Tracy, Burt Lancaster,8.1,https://www.imdb.com/title/tt0055031/reviews?ref_=tt_urv
0476735,Babam ve Oglum,2005,Çagan Irmak (dir.), Çetin Tekindor, Fikret Kuskan,8.1,https://www.imdb.com/title/tt0476735/reviews?ref_=tt_urv
5027774,Three Billboards Outside Ebbing, Missouri,2017,Martin McDonagh (dir.), Frances McDormand, Woody Harrelson,8.1,https://www.imdb.com/title/tt5027774/reviews?ref_=tt_urv
0071315,Chinatown,1974,Roman Polanski (dir.), Jack Nicholson, Faye Dunaway,8.1,https://www.imdb.com/title/tt0071315/reviews?ref_=tt_urv
0015864,The Gold Rush,1925,Charles Chaplin (dir.), Charles Chaplin, Mack Swain,8.1,https://www.imdb.com/title/tt0015864/reviews?ref_=tt_urv
0046912,Dial M for Murder,1954,Alfred Hitchcock (dir.), Ray Milland, Grace Kelly,8.1,https://www.imdb.com/title/tt0046912/reviews?ref_=tt_urv
0469494,There Will Be Blood,2007,Paul Thomas Anderson (dir.), Daniel Day-Lewis, Paul Dano,8.1,https://www.imdb.com/title/tt0469494/reviews?ref_=tt_urv
0434409,V for Vendetta,2005,James McTeigue (dir.), Hugo Weaving, Natalie Portman,8.1,https://www.imdb.com/title/tt0434409/reviews?ref_=tt_urv
2096673,Inside Out,2015,Pete Docter (dir.), Amy Poehler, Bill Hader,8.1,https://www.imdb.com/title/tt2096673/reviews?ref_=tt_urv
0050976,The Seventh Seal,1957,Ingmar Bergman (dir.), Max von Sydow, Gunnar Björnstrand,8.1,https://www.imdb.com/title/tt0050976/reviews?ref_=tt_urv
1291584,Warrior,2011,Gavin O'Connor (dir.), Tom Hardy, Nick Nolte,8.1,https://www.imdb.com/title/tt1291584/reviews?ref_=tt_urv
0477348,No Country for Old Men,2007,Ethan Coen (dir.), Tommy Lee Jones, Javier Bardem,8.1,https://www.imdb.com/title/tt0477348/reviews?ref_=tt_urv
0117951,Trainspotting,1996,Danny Boyle (dir.), Ewan McGregor, Ewen Bremner,8.1,https://www.imdb.com/title/tt0117951/reviews?ref_=tt_urv
3170832,Room,2015,Lenny Abrahamson (dir.), Brie Larson, Jacob Tremblay,8.1,https://www.imdb.com/title/tt3170832/reviews?ref_=tt_urv
0080678,The Elephant Man,1980,David Lynch (dir.), Anthony Hopkins, John Hurt,8.1,https://www.imdb.com/title/tt0080678/reviews?ref_=tt_urv
3417422,Drishyam,2013,Jeethu Joseph (dir.), Mohanlal, Meena,8.1,https://www.imdb.com/title/tt3417422/reviews?ref_=tt_urv
0167404,The Sixth Sense,1999,M. Night Shyamalan (dir.), Bruce Willis, Haley Joel Osment,8.1,https://www.imdb.com/title/tt0167404/reviews?ref_=tt_urv
1130884,Shutter Island,2010,Martin Scorsese (dir.), Leonardo DiCaprio, Emily Mortimer,8.1,https://www.imdb.com/title/tt1130884/reviews?ref_=tt_urv
0084787,The Thing,1982,John Carpenter (dir.), Kurt Russell, Wilford Brimley,8.1,https://www.imdb.com/title/tt0084787/reviews?ref_=tt_urv
0031381,Gone with the Wind,1939,Victor Fleming (dir.), Clark Gable, Vivien Leigh,8.1,https://www.imdb.com/title/tt0031381/reviews?ref_=tt_urv
0050212,The Bridge on the River Kwai,1957,David Lean (dir.), William Holden, Alec Guinness,8.1,https://www.imdb.com/title/tt0050212/reviews?ref_=tt_urv
0083658,Blade Runner,1982,Ridley Scott (dir.), Harrison Ford, Rutger Hauer,8.1,https://www.imdb.com/title/tt0083658/reviews?ref_=tt_urv
0047296,On the Waterfront,1954,Elia Kazan (dir.), Marlon Brando, Karl Malden,8.1,https://www.imdb.com/title/tt0047296/reviews?ref_=tt_urv
0041959,The Third Man,1949,Carol Reed (dir.), Orson Welles, Joseph Cotten,8.1,https://www.imdb.com/title/tt0041959/reviews?ref_=tt_urv
8108198,Andhadhun,2018,Sriram Raghavan (dir.), Ayushmann Khurrana, Tabu,8.1,https://www.imdb.com/title/tt8108198/reviews?ref_=tt_urv
0107290,Jurassic Park,1993,Steven Spielberg (dir.), Sam Neill, Laura Dern,8.1,https://www.imdb.com/title/tt0107290/reviews?ref_=tt_urv
0266543,Finding Nemo,2003,Andrew Stanton (dir.), Albert Brooks, Ellen DeGeneres,8.1,https://www.imdb.com/title/tt0266543/reviews?ref_=tt_urv
0050986,Wild Strawberries,1957,Ingmar Bergman (dir.), Victor Sjöström, Bibi Andersson,8.1,https://www.imdb.com/title/tt0050986/reviews?ref_=tt_urv
0116282,Fargo,1996,Joel Coen (dir.), William H. Macy, Frances McDormand,8.1,https://www.imdb.com/title/tt0116282/reviews?ref_=tt_urv
1205489,Gran Torino,2008,Clint Eastwood (dir.), Clint Eastwood, Bee Vang,8.1,https://www.imdb.com/title/tt1205489/reviews?ref_=tt_urv
0116231,The Bandit,1996,Yavuz Turgul (dir.), Sener Sen, Ugur Yücel,8.1,https://www.imdb.com/title/tt0116231/reviews?ref_=tt_urv
0266697,Kill Bill: Vol. 1,2003,Quentin Tarantino (dir.), Uma Thurman, David Carradine,8.1,https://www.imdb.com/title/tt0266697/reviews?ref_=tt_urv
0077416,The Deer Hunter,1978,Michael Cimino (dir.), Robert De Niro, Christopher Walken,8.1,https://www.imdb.com/title/tt0077416/reviews?ref_=tt_urv
0079944,Stalker,1979,Andrei Tarkovsky (dir.), Alisa Freyndlikh, Aleksandr Kaydanovskiy,8.1,https://www.imdb.com/title/tt0079944/reviews?ref_=tt_urv
0120382,The Truman Show,1998,Peter Weir (dir.), Jim Carrey, Ed Harris,8.1,https://www.imdb.com/title/tt0120382/reviews?ref_=tt_urv
0118715,The Big Lebowski,1998,Joel Coen (dir.), Jeff Bridges, John Goodman,8.1,https://www.imdb.com/title/tt0118715/reviews?ref_=tt_urv
0046438,Tokyo Story,1953,Yasujirô Ozu (dir.), Chishû Ryû, Chieko Higashiyama,8.1,https://www.imdb.com/title/tt0046438/reviews?ref_=tt_urv
3011894,Relatos salvajes,2014,Damián Szifron (dir.), Darío Grandinetti, María Marull,8.1,https://www.imdb.com/title/tt3011894/reviews?ref_=tt_urv
0978762,Mary and Max,2009,Adam Elliot (dir.), Toni Collette, Philip Seymour Hoffman,8.1,https://www.imdb.com/title/tt0978762/reviews?ref_=tt_urv
0107207,In the Name of the Father,1993,Jim Sheridan (dir.), Daniel Day-Lewis, Pete Postlethwaite,8.1,https://www.imdb.com/title/tt0107207/reviews?ref_=tt_urv
2267998,Gone Girl,2014,David Fincher (dir.), Ben Affleck, Rosamund Pike,8.1,https://www.imdb.com/title/tt2267998/reviews?ref_=tt_urv
2119532,Hacksaw Ridge,2016,Mel Gibson (dir.), Andrew Garfield, Sam Worthington,8.1,https://www.imdb.com/title/tt2119532/reviews?ref_=tt_urv
0353969,Memories of Murder,2003,Bong Joon Ho (dir.), Kang-ho Song, Sang-kyung Kim,8.1,https://www.imdb.com/title/tt0353969/reviews?ref_=tt_urv
0017925,The General,1926,Clyde Bruckman (dir.), Buster Keaton, Marion Mack,8.1,https://www.imdb.com/title/tt0017925/reviews?ref_=tt_urv
0892769,How to Train Your Dragon,2010,Dean DeBlois (dir.), Jay Baruchel, Gerard Butler,8.1,https://www.imdb.com/title/tt0892769/reviews?ref_=tt_urv
0031679,Mr. Smith Goes to Washington,1939,Frank Capra (dir.), James Stewart, Jean Arthur,8.1,https://www.imdb.com/title/tt0031679/reviews?ref_=tt_urv
0015324,Sherlock Jr.,1924,Buster Keaton (dir.), Buster Keaton, Kathryn McGuire,8.1,https://www.imdb.com/title/tt0015324/reviews?ref_=tt_urv
2278388,The Grand Budapest Hotel,2014,Wes Anderson (dir.), Ralph Fiennes, F. Murray Abraham,8.1,https://www.imdb.com/title/tt2278388/reviews?ref_=tt_urv
0060827,Persona,1966,Ingmar Bergman (dir.), Bibi Andersson, Liv Ullmann,8.1,https://www.imdb.com/title/tt0060827/reviews?ref_=tt_urv
0112471,Before Sunrise,1995,Richard Linklater (dir.), Ethan Hawke, Julie Delpy,8.1,https://www.imdb.com/title/tt0112471/reviews?ref_=tt_urv
0264464,Catch Me If You Can,2002,Steven Spielberg (dir.), Leonardo DiCaprio, Tom Hanks,8.1,https://www.imdb.com/title/tt0264464/reviews?ref_=tt_urv
0061512,Cool Hand Luke,1967,Stuart Rosenberg (dir.), Paul Newman, George Kennedy,8.1,https://www.imdb.com/title/tt0061512/reviews?ref_=tt_urv
0758758,Into the Wild,2007,Sean Penn (dir.), Emile Hirsch, Vince Vaughn,8.1,https://www.imdb.com/title/tt0758758/reviews?ref_=tt_urv
2024544,12 Years a Slave,2013,Steve McQueen (dir.), Chiwetel Ejiofor, Michael Kenneth Williams,8.1,https://www.imdb.com/title/tt2024544/reviews?ref_=tt_urv
1392214,Prisoners,2013,Denis Villeneuve (dir.), Hugh Jackman, Jake Gyllenhaal,8.1,https://www.imdb.com/title/tt1392214/reviews?ref_=tt_urv
0046268,The Wages of Fear,1953,Henri-Georges Clouzot (dir.), Yves Montand, Charles Vanel,8.1,https://www.imdb.com/title/tt0046268/reviews?ref_=tt_urv
0074958,Network,1976,Sidney Lumet (dir.), Faye Dunaway, William Holden,8.1,https://www.imdb.com/title/tt0074958/reviews?ref_=tt_urv
0092005,Stand by Me,1986,Rob Reiner (dir.), Wil Wheaton, River Phoenix,8.1,https://www.imdb.com/title/tt0092005/reviews?ref_=tt_urv
0079470,Monty Python's Life of Brian,1979,Terry Jones (dir.), Graham Chapman, John Cleese,8.1,https://www.imdb.com/title/tt0079470/reviews?ref_=tt_urv
1392190,Mad Max: Fury Road,2015,George Miller (dir.), Tom Hardy, Charlize Theron,8.1,https://www.imdb.com/title/tt1392190/reviews?ref_=tt_urv
0091763,Platoon,1986,Oliver Stone (dir.), Charlie Sheen, Tom Berenger,8.1,https://www.imdb.com/title/tt0091763/reviews?ref_=tt_urv
0019254,The Passion of Joan of Arc,1928,Carl Theodor Dreyer (dir.), Maria Falconetti, Eugene Silvain,8.1,https://www.imdb.com/title/tt0019254/reviews?ref_=tt_urv
0405159,Million Dollar Baby,2004,Clint Eastwood (dir.), Hilary Swank, Clint Eastwood,8.1,https://www.imdb.com/title/tt0405159/reviews?ref_=tt_urv
1979320,Rush,2013,Ron Howard (dir.), Daniel Brühl, Chris Hemsworth,8.1,https://www.imdb.com/title/tt1979320/reviews?ref_=tt_urv
0072684,Barry Lyndon,1975,Stanley Kubrick (dir.), Ryan O'Neal, Marisa Berenson,8.1,https://www.imdb.com/title/tt0072684/reviews?ref_=tt_urv
1028532,Hachi: A Dog's Tale,2009,Lasse Hallström (dir.), Richard Gere, Joan Allen,8.1,https://www.imdb.com/title/tt1028532/reviews?ref_=tt_urv
0405508,Rang De Basanti,2006,Rakeysh Omprakash Mehra (dir.), Aamir Khan, Soha Ali Khan,8.1,https://www.imdb.com/title/tt0405508/reviews?ref_=tt_urv
0040725,The Red Shoes,1948,Michael Powell (dir.), Anton Walbrook, Marius Goring,8.1,https://www.imdb.com/title/tt0040725/reviews?ref_=tt_urv
3315342,Logan,2017,James Mangold (dir.), Hugh Jackman, Patrick Stewart,8.1,https://www.imdb.com/title/tt3315342/reviews?ref_=tt_urv
0060107,Andrei Rublev,1966,Andrei Tarkovsky (dir.), Anatoliy Solonitsyn, Ivan Lapikov,8.1,https://www.imdb.com/title/tt0060107/reviews?ref_=tt_urv
0052618,Ben-Hur,1959,William Wyler (dir.), Charlton Heston, Jack Hawkins,8.1,https://www.imdb.com/title/tt0052618/reviews?ref_=tt_urv
0087544,Nausicaä of the Valley of the Wind,1984,Hayao Miyazaki (dir.), Sumi Shimamoto, Mahito Tsujimura,8,https://www.imdb.com/title/tt0087544/reviews?ref_=tt_urv
0053198,The 400 Blows,1959,François Truffaut (dir.), Jean-Pierre Léaud, Albert Rémy,8,https://www.imdb.com/title/tt0053198/reviews?ref_=tt_urv
0395169,Hotel Rwanda,2004,Terry George (dir.), Don Cheadle, Sophie Okonedo,8,https://www.imdb.com/title/tt0395169/reviews?ref_=tt_urv
1201607,Harry Potter and the Deathly Hallows: Part 2,2011,David Yates (dir.), Daniel Radcliffe, Emma Watson,8,https://www.imdb.com/title/tt1201607/reviews?ref_=tt_urv
0245712,Amores Perros,2000,Alejandro G. Iñárritu (dir.), Emilio Echevarría, Gael García Bernal,8,https://www.imdb.com/title/tt0245712/reviews?ref_=tt_urv
0097165,Dead Poets Society,1989,Peter Weir (dir.), Robin Williams, Robert Sean Leonard,8,https://www.imdb.com/title/tt0097165/reviews?ref_=tt_urv
1895587,Spotlight,2015,Tom McCarthy (dir.), Mark Ruffalo, Michael Keaton,8,https://www.imdb.com/title/tt1895587/reviews?ref_=tt_urv
0042041,White Heat,1949,Raoul Walsh (dir.), James Cagney, Virginia Mayo,8,https://www.imdb.com/title/tt0042041/reviews?ref_=tt_urv
0043338,Ace in the Hole,1951,Billy Wilder (dir.), Kirk Douglas, Jan Sterling,8,https://www.imdb.com/title/tt0043338/reviews?ref_=tt_urv
0032976,Rebecca,1940,Alfred Hitchcock (dir.), Laurence Olivier, Joan Fontaine,8,https://www.imdb.com/title/tt0032976/reviews?ref_=tt_urv
0075148,Rocky,1976,John G. Avildsen (dir.), Sylvester Stallone, Talia Shire,8,https://www.imdb.com/title/tt0075148/reviews?ref_=tt_urv
0198781,Monsters, Inc.,2001,Pete Docter (dir.), Billy Crystal, John Goodman,8,https://www.imdb.com/title/tt0198781/reviews?ref_=tt_urv
4016934,The Handmaiden,2016,Chan-wook Park (dir.), Min-hee Kim, Jung-woo Ha,8,https://www.imdb.com/title/tt4016934/reviews?ref_=tt_urv
0025316,It Happened One Night,1934,Frank Capra (dir.), Clark Gable, Claudette Colbert,8,https://www.imdb.com/title/tt0025316/reviews?ref_=tt_urv
0113247,La Haine,1995,Mathieu Kassovitz (dir.), Vincent Cassel, Hubert Koundé,8,https://www.imdb.com/title/tt0113247/reviews?ref_=tt_urv
0169102,Lagaan: Once Upon a Time in India,2001,Ashutosh Gowariker (dir.), Aamir Khan, Raghuvir Yadav,8,https://www.imdb.com/title/tt0169102/reviews?ref_=tt_urv
1954470,Gangs of Wasseypur,2012,Anurag Kashyap (dir.), Manoj Bajpayee, Richa Chadha,8,https://www.imdb.com/title/tt1954470/reviews?ref_=tt_urv
0093779,The Princess Bride,1987,Rob Reiner (dir.), Cary Elwes, Mandy Patinkin,8,https://www.imdb.com/title/tt0093779/reviews?ref_=tt_urv
2338151,PK,2014,Rajkumar Hirani (dir.), Aamir Khan, Anushka Sharma,8,https://www.imdb.com/title/tt2338151/reviews?ref_=tt_urv
0381681,Before Sunset,2004,Richard Linklater (dir.), Ethan Hawke, Julie Delpy,8,https://www.imdb.com/title/tt0381681/reviews?ref_=tt_urv
0064115,Butch Cassidy and the Sundance Kid,1969,George Roy Hill (dir.), Paul Newman, Robert Redford,8,https://www.imdb.com/title/tt0064115/reviews?ref_=tt_urv
1454029,The Help,2011,Tate Taylor (dir.), Emma Stone, Viola Davis,8,https://www.imdb.com/title/tt1454029/reviews?ref_=tt_urv
0088247,The Terminator,1984,James Cameron (dir.), Arnold Schwarzenegger, Linda Hamilton,8,https://www.imdb.com/title/tt0088247/reviews?ref_=tt_urv
0118694,In the Mood for Love,2000,Kar-Wai Wong (dir.), Tony Chiu-Wai Leung, Maggie Cheung,8,https://www.imdb.com/title/tt0118694/reviews?ref_=tt_urv
0094625,Akira,1988,Katsuhiro Ôtomo (dir.), Mitsuo Iwata, Nozomu Sasaki,8,https://www.imdb.com/title/tt0094625/reviews?ref_=tt_urv
0087884,Paris, Texas,1984,Wim Wenders (dir.), Harry Dean Stanton, Nastassja Kinski,8,https://www.imdb.com/title/tt0087884/reviews?ref_=tt_urv
0374887,Munna Bhai M.B.B.S.,2003,Rajkumar Hirani (dir.), Sanjay Dutt, Arshad Warsi,8,https://www.imdb.com/title/tt0374887/reviews?ref_=tt_urv
0103639,Aladdin,1992,Ron Clements (dir.), Scott Weinger, Robin Williams,8,https://www.imdb.com/title/tt0103639/reviews?ref_=tt_urv
2015381,Guardians of the Galaxy,2014,James Gunn (dir.), Chris Pratt, Vin Diesel,8,https://www.imdb.com/title/tt2015381/reviews?ref_=tt_urv
0338564,Infernal Affairs,2002,Andrew Lau (dir.), Andy Lau, Tony Chiu-Wai Leung,8,https://www.imdb.com/title/tt0338564/reviews?ref_=tt_urv
0058946,The Battle of Algiers,1966,Gillo Pontecorvo (dir.), Brahim Hadjadj, Jean Martin,8,https://www.imdb.com/title/tt0058946/reviews?ref_=tt_urv
0120731,La leggenda del pianista sull'oceano,1998,Giuseppe Tornatore (dir.), Tim Roth, Pruitt Taylor Vince,8,https://www.imdb.com/title/tt0120731/reviews?ref_=tt_urv
0092067,Castle in the Sky,1986,Hayao Miyazaki (dir.), Anna Paquin, James Van Der Beek,8,https://www.imdb.com/title/tt0092067/reviews?ref_=tt_urv
1213644,Disaster Movie,2008,Jason Friedberg (dir.), Carmen Electra, Vanessa Lachey,2,https://www.imdb.com/title/tt1213644/reviews?ref_=tt_urv
0270846,Superbabies: Baby Geniuses 2,2004,Bob Clark (dir.), Jon Voight, Scott Baio,2.1,https://www.imdb.com/title/tt0270846/reviews?ref_=tt_urv
0060666,Manos: The Hands of Fate,1966,Harold P. Warren (dir.), Tom Neyman, John Reynolds,2.1,https://www.imdb.com/title/tt0060666/reviews?ref_=tt_urv
4458206,Code Name: K.O.Z.,2015,Celal Çimen (dir.), Cem Kurtoglu, Hakan Ural,2.2,https://www.imdb.com/title/tt4458206/reviews?ref_=tt_urv
1316037,Birdemic: Shock and Terror,2010,James Nguyen (dir.), Alan Bagh, Whitney Moore,2.2,https://www.imdb.com/title/tt1316037/reviews?ref_=tt_urv
0804492,The Hottie & the Nottie,2008,Tom Putnam (dir.), Paris Hilton, Joel David Moore,2.3,https://www.imdb.com/title/tt0804492/reviews?ref_=tt_urv
4009460,Saving Christmas,2014,Darren Doane (dir.), Kirk Cameron, Darren Doane,2.3,https://www.imdb.com/title/tt4009460/reviews?ref_=tt_urv
0317676,House of the Dead,2003,Uwe Boll (dir.), Jonathan Cherry, Tyron Leitso,2.3,https://www.imdb.com/title/tt0317676/reviews?ref_=tt_urv
0417056,Pledge This!,2006,William Heins (dir.), Paris Hilton, Simon Rex,2.4,https://www.imdb.com/title/tt0417056/reviews?ref_=tt_urv
0362165,Son of the Mask,2005,Lawrence Guterman (dir.), Jamie Kennedy, Traylor Howard,2.4,https://www.imdb.com/title/tt0362165/reviews?ref_=tt_urv
0799949,Epic Movie,2007,Jason Friedberg (dir.), Kal Penn, Jennifer Coolidge,2.5,https://www.imdb.com/title/tt0799949/reviews?ref_=tt_urv
0808240,Dünyayi Kurtaran Adam'in Oglu,2006,Kartal Tibet (dir.), Cüneyt Arkin, Miraç Bayramoglu,2.5,https://www.imdb.com/title/tt0808240/reviews?ref_=tt_urv
0369226,Alone in the Dark,2005,Uwe Boll (dir.), Christian Slater, Tara Reid,2.6,https://www.imdb.com/title/tt0369226/reviews?ref_=tt_urv
0339034,From Justin to Kelly,2003,Robert Iscove (dir.), Kelly Clarkson, Justin Guarini,2.6,https://www.imdb.com/title/tt0339034/reviews?ref_=tt_urv
0185183,Battlefield Earth,2000,Roger Christian (dir.), John Travolta, Forest Whitaker,2.6,https://www.imdb.com/title/tt0185183/reviews?ref_=tt_urv
0096870,Going Overboard,1989,Valerie Breiman (dir.), Adam Sandler, Billy Bob Thornton,2.6,https://www.imdb.com/title/tt0096870/reviews?ref_=tt_urv
1098327,Dragonball Evolution,2009,James Wong (dir.), Justin Chatwin, James Marsters,2.7,https://www.imdb.com/title/tt1098327/reviews?ref_=tt_urv
0421051,Daniel the Wizard,2004,Ulli Lommel (dir.), Daniel Küblböck, Ulli Lommel,2.7,https://www.imdb.com/title/tt0421051/reviews?ref_=tt_urv
0299930,Gigli,2003,Martin Brest (dir.), Ben Affleck, Jennifer Lopez,2.7,https://www.imdb.com/title/tt0299930/reviews?ref_=tt_urv
0118589,Glitter,2001,Vondie Curtis-Hall (dir.), Mariah Carey, Eric Benét,2.8,https://www.imdb.com/title/tt0118589/reviews?ref_=tt_urv
1073498,Meet the Spartans,2008,Jason Friedberg (dir.), Sean Maguire, Kevin Sorbo,2.8,https://www.imdb.com/title/tt1073498/reviews?ref_=tt_urv
0466342,Date Movie,2006,Aaron Seltzer (dir.), Alyson Hannigan, Adam Campbell,2.9,https://www.imdb.com/title/tt0466342/reviews?ref_=tt_urv
0118665,Baby Geniuses,1999,Bob Clark (dir.), Kathleen Turner, Christopher Lloyd,2.9,https://www.imdb.com/title/tt0118665/reviews?ref_=tt_urv
7431594,Race 3,2018,Remo D'Souza (dir.), Anil Kapoor, Salman Khan,2.9,https://www.imdb.com/title/tt7431594/reviews?ref_=tt_urv
0785077,Who's Your Caddy?,2007,Don Michael Paul (dir.), Big Boi, Jeffrey Jones,3.1,https://www.imdb.com/title/tt0785077/reviews?ref_=tt_urv
0089280,Hobgoblins,1988,Rick Sloane (dir.), Tom Bartlett, Paige Sullivan,3.1,https://www.imdb.com/title/tt0089280/reviews?ref_=tt_urv
0093300,Jaws: The Revenge,1987,Joseph Sargent (dir.), Lorraine Gary, Lance Guest,3.1,https://www.imdb.com/title/tt0093300/reviews?ref_=tt_urv
0383222,BloodRayne,2005,Uwe Boll (dir.), Kristanna Loken, Ben Kingsley,3.1,https://www.imdb.com/title/tt0383222/reviews?ref_=tt_urv
0105643,Troll 2,1990,Claudio Fragasso (dir.), Michael Paul Stephenson, George Hardy,3.2,https://www.imdb.com/title/tt0105643/reviews?ref_=tt_urv
1883367,The Human Centipede III (Final Sequence),2015,Tom Six (dir.), Dieter Laser, Laurence R. Harvey,3.2,https://www.imdb.com/title/tt1883367/reviews?ref_=tt_urv
2467046,Left Behind,2014,Vic Armstrong (dir.), Nicolas Cage, Lea Thompson,3.3,https://www.imdb.com/title/tt2467046/reviews?ref_=tt_urv
1572311,Tees Maar Khan,2010,Farah Khan (dir.), Akshay Kumar, Katrina Kaif,3.3,https://www.imdb.com/title/tt1572311/reviews?ref_=tt_urv
7668842,Enes Batur Hayal mi Gerçek mi?,2018,Kamil Cetin (dir.), Enes Batur, Bilal Hanci,3.3,https://www.imdb.com/title/tt7668842/reviews?ref_=tt_urv
0116756,Kazaam,1996,Paul Michael Glaser (dir.), Shaquille O'Neal, Francis Capra,3.3,https://www.imdb.com/title/tt0116756/reviews?ref_=tt_urv
0246894,Rollerball,2002,John McTiernan (dir.), Chris Klein, Jean Reno,3.4,https://www.imdb.com/title/tt0246894/reviews?ref_=tt_urv
2574698,Gunday,2014,Ali Abbas Zafar (dir.), Ranveer Singh, Arjun Kapoor,3.4,https://www.imdb.com/title/tt2574698/reviews?ref_=tt_urv
0810913,Jack and Jill,2011,Dennis Dugan (dir.), Adam Sandler, Katie Holmes,3.4,https://www.imdb.com/title/tt0810913/reviews?ref_=tt_urv
0120207,Steel,1997,Kenneth Johnson (dir.), Shaquille O'Neal, Annabeth Gish,3.4,https://www.imdb.com/title/tt0120207/reviews?ref_=tt_urv
0058548,Santa Claus Conquers the Martians,1964,Nicholas Webster (dir.), John Call, Leonard Hicks,3.4,https://www.imdb.com/title/tt0058548/reviews?ref_=tt_urv
4877122,The Emoji Movie,2017,Tony Leondis (dir.), T.J. Miller, James Corden,3.4,https://www.imdb.com/title/tt4877122/reviews?ref_=tt_urv
0327554,Catwoman,2004,Pitof (dir.), Halle Berry, Sharon Stone,3.4,https://www.imdb.com/title/tt0327554/reviews?ref_=tt_urv
0804452,Bratz,2007,Sean McNamara (dir.), Skyler Shaye, Janel Parrish,3.5,https://www.imdb.com/title/tt0804452/reviews?ref_=tt_urv
2403029,The Starving Games,2013,Jason Friedberg (dir.), Maiara Walsh, Brant Daugherty,3.5,https://www.imdb.com/title/tt2403029/reviews?ref_=tt_urv
5690360,Slender Man,2018,Sylvain White (dir.), Joey King, Julia Goldani Telles,3.5,https://www.imdb.com/title/tt5690360/reviews?ref_=tt_urv
1666186,Vampires Suck,2010,Jason Friedberg (dir.), Jenn Proske, Matt Lanter,3.5,https://www.imdb.com/title/tt1666186/reviews?ref_=tt_urv
0118539,3 Ninjas: High Noon at Mega Mountain,1998,Sean McNamara (dir.), Loni Anderson, Hulk Hogan,3.5,https://www.imdb.com/title/tt0118539/reviews?ref_=tt_urv
0462244,Daddy Day Camp,2007,Fred Savage (dir.), Cuba Gooding Jr., Lochlyn Munro,3.5,https://www.imdb.com/title/tt0462244/reviews?ref_=tt_urv
0115624,Barb Wire,1996,David Hogan (dir.), Pamela Anderson, Amir AboulEla,3.5,https://www.imdb.com/title/tt0115624/reviews?ref_=tt_urv
0400426,Far Cry,2008,Uwe Boll (dir.), Til Schweiger, Emmanuelle Vaugier,3.6,https://www.imdb.com/title/tt0400426/reviews?ref_=tt_urv
7608028,The Open House,2018,Matt Angel (dir.), Dylan Minnette, Piercey Dalton,3.6,https://www.imdb.com/title/tt7608028/reviews?ref_=tt_urv
0110978,Texas Chainsaw Massacre: The Next Generation,1994,Kim Henkel (dir.), Renée Zellweger, Matthew McConaughey,3.6,https://www.imdb.com/title/tt0110978/reviews?ref_=tt_urv
0329028,Dumb and Dumberer: When Harry Met Lloyd,2003,Troy Miller (dir.), Derek Richardson, Eric Christian Olsen,3.6,https://www.imdb.com/title/tt0329028/reviews?ref_=tt_urv
0795461,Scary Movie 5,2013,Malcolm D. Lee (dir.), Simon Rex, Ashley Tisdale,3.6,https://www.imdb.com/title/tt0795461/reviews?ref_=tt_urv
0295427,The Master of Disguise,2002,Perry Andelin Blake (dir.), Dana Carvey, Jennifer Esposito,3.6,https://www.imdb.com/title/tt0295427/reviews?ref_=tt_urv
0065832,Hercules in New York,1970,Arthur Allan Seidelman (dir.), Arnold Stang, Arnold Schwarzenegger,3.6,https://www.imdb.com/title/tt0065832/reviews?ref_=tt_urv
0120185,Spice World,1997,Bob Spiers (dir.), Mel B, Emma Bunton,3.7,https://www.imdb.com/title/tt0120185/reviews?ref_=tt_urv
0275022,Crossroads,2002,Tamra Davis (dir.), Britney Spears, Anson Mount,3.7,https://www.imdb.com/title/tt0275022/reviews?ref_=tt_urv
0110647,The NeverEnding Story III,1994,Peter MacDonald (dir.), Jason James Richter, Melody Kay,3.7,https://www.imdb.com/title/tt0110647/reviews?ref_=tt_urv
0424774,The Adventures of Sharkboy and Lavagirl 3-D,2005,Robert Rodriguez (dir.), Cayden Boyd, George Lopez,3.7,https://www.imdb.com/title/tt0424774/reviews?ref_=tt_urv
1517489,Spy Kids 4: All the Time in the World,2011,Robert Rodriguez (dir.), Jessica Alba, Jeremy Piven,3.7,https://www.imdb.com/title/tt1517489/reviews?ref_=tt_urv
0368226,The Room,2003,Tommy Wiseau (dir.), Tommy Wiseau, Juliette Danielle,3.7,https://www.imdb.com/title/tt0368226/reviews?ref_=tt_urv
0295254,Feardotcom,2002,William Malone (dir.), Stephen Dorff, Natascha McElhone,3.7,https://www.imdb.com/title/tt0295254/reviews?ref_=tt_urv
1411664,Bucky Larson: Born to Be a Star,2011,Tom Brady (dir.), Nick Swardson, Don Johnson,3.7,https://www.imdb.com/title/tt1411664/reviews?ref_=tt_urv
0110857,Police Academy: Mission to Moscow,1994,Alan Metter (dir.), G.W. Bailey, George Gaynes,3.7,https://www.imdb.com/title/tt0110857/reviews?ref_=tt_urv
0103923,Captain America,1990,Albert Pyun (dir.), Matt Salinger, Ronny Cox,3.7,https://www.imdb.com/title/tt0103923/reviews?ref_=tt_urv
4667094,Fifty Shades of Black,2016,Michael Tiddes (dir.), Marlon Wayans, Kali Hawk,3.7,https://www.imdb.com/title/tt4667094/reviews?ref_=tt_urv
0118688,Batman & Robin,1997,Joel Schumacher (dir.), Arnold Schwarzenegger, George Clooney,3.8,https://www.imdb.com/title/tt0118688/reviews?ref_=tt_urv
0372873,Dragon Wars: D-War,2007,Hyung-rae Shim (dir.), Jason Behr, Amanda Brooks,3.8,https://www.imdb.com/title/tt0372873/reviews?ref_=tt_urv
0085750,Jaws 3-D,1983,Joe Alves (dir.), Dennis Quaid, Bess Armstrong,3.8,https://www.imdb.com/title/tt0085750/reviews?ref_=tt_urv
0450345,The Wicker Man,2006,Neil LaBute (dir.), Nicolas Cage, Ellen Burstyn,3.8,https://www.imdb.com/title/tt0450345/reviews?ref_=tt_urv
0095560,Mac and Me,1988,Stewart Raffill (dir.), Christine Ebersole, Jonathan Ward,3.8,https://www.imdb.com/title/tt0095560/reviews?ref_=tt_urv
0190374,Dungeons & Dragons,2000,Courtney Solomon (dir.), Justin Whalin, Jeremy Irons,3.8,https://www.imdb.com/title/tt0190374/reviews?ref_=tt_urv
0119707,Mortal Kombat: Annihilation,1997,John R. Leonetti (dir.), Robin Shou, Talisa Soto,3.8,https://www.imdb.com/title/tt0119707/reviews?ref_=tt_urv
0094074,Superman IV: The Quest for Peace,1987,Sidney J. Furie (dir.), Christopher Reeve, Gene Hackman,3.8,https://www.imdb.com/title/tt0094074/reviews?ref_=tt_urv
0432291,The Fog,2005,Rupert Wainwright (dir.), Tom Welling, Maggie Grace,3.8,https://www.imdb.com/title/tt0432291/reviews?ref_=tt_urv
0897361,I Know Who Killed Me,2007,Chris Sivertson (dir.), Lindsay Lohan, Julia Ormond,3.8,https://www.imdb.com/title/tt0897361/reviews?ref_=tt_urv
1714203,Piranha 3DD,2012,John Gulager (dir.), Danielle Panabaker, Ving Rhames,3.8,https://www.imdb.com/title/tt1714203/reviews?ref_=tt_urv
0158622,The Flintstones in Viva Rock Vegas,2000,Brian Levant (dir.), Mark Addy, Stephen Baldwin,3.9,https://www.imdb.com/title/tt0158622/reviews?ref_=tt_urv
0094118,Teen Wolf Too,1987,Christopher Leitch (dir.), Jason Bateman, Kim Darby,3.9,https://www.imdb.com/title/tt0094118/reviews?ref_=tt_urv
0811138,The Love Guru,2008,Marco Schnabel (dir.), Mike Myers, Jessica Alba,3.9,https://www.imdb.com/title/tt0811138/reviews?ref_=tt_urv
0891592,Street Fighter: The Legend of Chun-Li,2009,Andrzej Bartkowiak (dir.), Kristin Kreuk, Neal McDonough,3.9,https://www.imdb.com/title/tt0891592/reviews?ref_=tt_urv
0460780,In the Name of the King: A Dungeon Siege Tale,2007,Uwe Boll (dir.), Jason Statham, Ron Perlman,3.9,https://www.imdb.com/title/tt0460780/reviews?ref_=tt_urv
1185266,Stan Helsing,2009,Bo Zenga (dir.), Steve Howey, Diora Baird,3.9,https://www.imdb.com/title/tt1185266/reviews?ref_=tt_urv
1530509,The Human Centipede II (Full Sequence),2011,Tom Six (dir.), Laurence R. Harvey, Ashlynn Yennie,3.9,https://www.imdb.com/title/tt1530509/reviews?ref_=tt_urv
0120179,Speed 2: Cruise Control,1997,Jan de Bont (dir.), Sandra Bullock, Jason Patric,3.9,https://www.imdb.com/title/tt0120179/reviews?ref_=tt_urv
1153706,Dance Flick,2009,Damien Dante Wayans (dir.), Marlon Wayans, Shawn Wayans,3.9,https://www.imdb.com/title/tt1153706/reviews?ref_=tt_urv
0118661,The Avengers,1998,Jeremiah S. Chechik (dir.), Ralph Fiennes, Uma Thurman,4,https://www.imdb.com/title/tt0118661/reviews?ref_=tt_urv
1231277,S. Darko,2009,Chris Fisher (dir.), Daveigh Chase, Briana Evigan,4,https://www.imdb.com/title/tt1231277/reviews?ref_=tt_urv
0291502,Swept Away,2002,Guy Ritchie (dir.), Madonna, Adriano Giannini,4,https://www.imdb.com/title/tt0291502/reviews?ref_=tt_urv
0180052,The Adventures of Pluto Nash,2002,Ron Underwood (dir.), Eddie Murphy, Jay Mohr,4,https://www.imdb.com/title/tt0180052/reviews?ref_=tt_urv
0308208,Ballistic: Ecks vs. Sever,2002,Wych Kaosayananda (dir.), Antonio Banderas, Lucy Liu,4,https://www.imdb.com/title/tt0308208/reviews?ref_=tt_urv
0312528,The Cat in the Hat,2003,Bo Welch (dir.), Mike Myers, Spencer Breslin,4,https://www.imdb.com/title/tt0312528/reviews?ref_=tt_urv
0076009,Exorcist II: The Heretic,1977,John Boorman (dir.), Richard Burton, Linda Blair,4,https://www.imdb.com/title/tt0076009/reviews?ref_=tt_urv
0111301,Street Fighter,1994,Steven E. de Souza (dir.), Jean-Claude Van Damme, Raul Julia,4,https://www.imdb.com/title/tt0111301/reviews?ref_=tt_urv
1014775,Beverly Hills Chihuahua,2008,Raja Gosnell (dir.), Drew Barrymore, George Lopez,4,https://www.imdb.com/title/tt1014775/reviews?ref_=tt_urv
1255919,Holmes & Watson,2018,Etan Cohen (dir.), Will Ferrell, John C. Reilly,4,https://www.imdb.com/title/tt1255919/reviews?ref_=tt_urv
0157262,2001: A Space Travesty,2000,Allan A. Goldstein (dir.), Leslie Nielsen, Ophélie Winter,4,https://www.imdb.com/title/tt0157262/reviews?ref_=tt_urv
6513656,Escape Plan 2: Hades,2018,Steven C. Miller (dir.), Sylvester Stallone, Dave Bautista,4,https://www.imdb.com/title/tt6513656/reviews?ref_=tt_urv
0926129,Prom Night,2008,Nelson McCormick (dir.), Brittany Snow, Scott Porter,4.1,https://www.imdb.com/title/tt0926129/reviews?ref_=tt_urv
3138104,The Hungover Games,2014,Josh Stolberg (dir.), Ross Nathan, Sam Pancake,4.1,https://www.imdb.com/title/tt3138104/reviews?ref_=tt_urv
